domain,expert,assigned,accuracy,risk,routing_mean,top1_fraction,feature_variance
art_painting,0,True,0.9682152271270752,0.4594420790672302,0.31409314274787903,0.32518336176872253,0.9821990891709931
art_painting,1,True,0.9657701849937439,0.4856296479701996,0.1826975792646408,0.15647922456264496,0.9727495480259729
art_painting,2,True,0.9731051921844482,0.4607153534889221,0.5030898451805115,0.5183374285697937,0.984722488329443
art_painting,3,False,0.9682152271270752,0.7028517723083496,3.194884266122244e-05,0.0,0.917183386504429
art_painting,4,False,0.9682152271270752,0.6637142896652222,3.3931617508642375e-05,0.0,0.944525175814153
art_painting,5,False,0.9706602096557617,0.5929076075553894,5.35334947926458e-05,0.0,0.9561982473619591
cartoon,0,True,0.9807692766189575,0.43319815397262573,0.9935262203216553,0.997863233089447,0.9904515688267785
cartoon,1,False,0.9829060435295105,0.4514244496822357,0.0016159729566425085,0.0,0.9831408098993679
cartoon,2,False,0.9786325097084045,0.44329744577407837,0.004846745170652866,0.0021367522422224283,0.9856353121099175
cartoon,3,False,0.9786325097084045,0.8025924563407898,3.0474755021714373e-06,0.0,0.7988236018071194
cartoon,4,False,0.9786325097084045,0.776670515537262,2.883463139369269e-06,0.0,0.8102855513248046
cartoon,5,False,0.9807692766189575,0.6532073616981506,5.2105169743299484e-06,0.0,0.8778903652653189
photo,0,False,0.9970059990882874,0.3974675238132477,0.006901665590703487,0.005988024175167084,0.9770768642304095
photo,1,True,1.0,0.41008350253105164,0.4467432498931885,0.42514970898628235,0.9657727065012305
photo,2,True,0.9970059990882874,0.40123534202575684,0.5463302731513977,0.56886225938797,0.9795157814946465
photo,3,False,0.9970059990882874,0.6673251390457153,5.952519586571725e-06,0.0,0.8836089893894753
photo,4,False,0.9970059990882874,0.627285897731781,8.821552000881638e-06,0.0,0.9152769374683167
photo,5,False,0.9970059990882874,0.5645583271980286,1.0003691386373248e-05,0.0,0.9315486192917533
